timestep,psnr,ssim,accuracy,f1_score
350,10.487557411193848,0.6677007675170898,0.9106191992759705,0.7577476501464844
400,9.346447944641113,0.5936504602432251,0.8837601542472839,0.704383909702301
450,7.760076522827148,0.49022969603538513,0.8325086832046509,0.6214893460273743
500,6.185939311981201,0.3807244896888733,0.7593388557434082,0.5305873155593872
