accuracy,f1,psnr,ssim,timestep
0.9333758354187012,0.8191155195236206,11.76368236541748,0.6852816343307495,50
0.9094763994216919,0.7532999515533447,10.432382583618164,0.5825383067131042,100
0.8255220651626587,0.5164638161659241,7.58259391784668,0.3520408868789673,150
