timestep,psnr,ssim,f1_score,accuracy
350,9.719042778015137,0.6444414258003235,0.7399988174438477,0.8933168649673462
400,8.582311630249023,0.5599094033241272,0.6845118403434753,0.8613982200622559
450,7.296492099761963,0.460979700088501,0.6155022978782654,0.813640832901001
500,5.857089042663574,0.35104209184646606,0.5346047282218933,0.7404081225395203
